Country/Province,active,confirmed,death,death_rate,recovered,recovery_rate,Rank,average_daily_cases,average_daily_deaths,incidence_death
Brazil,1548092.0,16471600.0,461057.0,2.799102697977124,14496224.0,88.00738240365234,1,33410.95334685598,935.2068965517242,43332
India,3745237.0,27894800.0,325972.0,1.1685762220915725,25454320.0,91.25112924272625,2,56581.7444219067,661.2008113590264,43765
Mexico,300329.0,2411503.0,223455.0,9.266212814166103,1924865.0,79.82013706804429,3,4891.486815415821,453.25557809330627,27829
United Kingdom,4352826.0,4480945.0,127775.0,2.851519043416065,344.0,0.007676952071493848,4,9089.137931034482,259.17849898580124,124121
Italy,805947.0,4213055.0,126002.0,2.9907513668822268,3845087.0,91.26600530968621,5,8545.750507099392,255.58215010141987,24103
Russia,558147.0,4995613.0,118781.0,2.3777061994193707,4616422.0,92.40952011294709,6,10133.089249492901,240.93509127789048,13271
France,5431304.0,5863138.0,108532.0,1.8510906616900369,331686.0,5.657141278271124,7,11892.774847870183,220.14604462474645,100538
Germany,380989.0,3684672.0,88413.0,2.3994808764525035,3479700.0,94.43717106977229,8,7473.979716024341,179.3367139959432,9141
Colombia,169326.0,3363061.0,87747.0,2.609140898722919,3141549.0,93.41338144030097,9,6821.624746450304,177.98580121703853,4417
Spain,3438377.0,3668658.0,79905.0,2.1780443966158742,150376.0,4.098937540648379,10,7441.496957403651,162.079107505071,74889
Iran,479932.0,2893218.0,79741.0,2.756135209998002,2425033.0,83.81784573440369,11,5868.596348884382,161.74645030425964,13227
Argentina,372886.0,3732263.0,77108.0,2.0659851677119216,3288467.0,88.10919809241739,12,7570.513184584179,156.4056795131846,7703
Poland,440035.0,2871371.0,73682.0,2.566091250486266,2636675.0,91.82634358290865,13,5824.281947261663,149.45638945233264,11291
Peru,168092.0,1947555.0,68978.0,3.541774173258265,1897522.0,97.43098397734596,14,3950.4158215010143,139.91480730223122,5953
US:California,,3788713.0,63236.0,1.6690628189572554,,,15,7685.0162271805275,128.26774847870183,0
South Africa,239799.0,1659070.0,56363.0,3.3972647326514256,1554184.0,93.67802443537644,16,3365.2535496957403,114.32657200811359,8146
US:New York,,2101055.0,53269.0,2.535345338413321,,,17,4261.774847870182,108.05070993914808,0
Ukraine,427565.0,2257904.0,52414.0,2.3213564438523515,2084477.0,92.31911542740524,18,4579.926977687627,106.31643002028397,9925
US:Texas,,2952861.0,51491.0,1.7437664691971617,,,19,5989.576064908722,104.44421906693712,0
Indonesia,176672.0,1809926.0,50262.0,2.777019612956552,1659974.0,91.71502039309894,20,3671.2494929006084,101.95131845841784,4906
Turkey,1306587.0,5235978.0,47271.0,0.9028112799557217,5094279.0,97.29374340381109,21,10620.645030425963,95.88438133874239,11796
US:Florida,,2320818.0,36774.0,1.5845275243470192,,,22,4707.541582150101,74.5922920892495,0
Romania,120307.0,1077426.0,30247.0,2.807338972699749,1038539.0,96.39074980555509,23,2185.448275862069,61.35294117647059,3377
Czechia,208415.0,1660935.0,30101.0,1.8122924738174582,1617498.0,97.38478628001698,24,3369.0365111561864,61.05679513184584,3777
Hungary,272974.0,804032.0,29709.0,3.6950021889676035,692248.0,86.0970707633527,25,1630.896551724138,60.26166328600406,10086
Chile,82961.0,1369597.0,29047.0,2.1208428464723563,1295499.0,94.58979539236725,26,2778.087221095335,58.918864097363084,1759
US:Pennsylvania,,1202912.0,27190.0,2.260348221648799,,,27,2439.9837728194725,55.15212981744422,0
US:New Jersey,,1015889.0,26201.0,2.579120356653138,,,28,2060.6267748478704,53.14604462474645,0
US:Illinois,,1380978.0,25166.0,1.8223317098462106,,,29,2801.1724137931033,51.046653144016226,0
Belgium,1003712.0,1059763.0,24921.0,2.351563509954584,31130.0,2.9374492221374027,30,2149.6206896551726,50.54969574036511,23602
US:Georgia,,1123343.0,20837.0,1.8549098538914648,,,31,2278.5862068965516,42.2657200811359,0
Pakistan,108642.0,918936.0,20736.0,2.2565227611063228,839322.0,91.33628457259265,32,1863.9675456389452,42.06085192697769,2451
Philippines,203710.0,1216582.0,20722.0,1.7032966129697795,1142246.0,93.88976657553704,33,2467.711967545639,42.03245436105477,3469
Ecuador,50202.0,424741.0,20485.0,4.822939155862043,366425.0,86.27022114653401,34,861.5436105476673,41.55172413793103,2421
US:Michigan,,991941.0,20376.0,2.0541544305558497,,,35,2012.050709939148,41.33062880324544,0
US:Ohio,,1101557.0,19861.0,1.8029933993429301,,,36,2234.395537525355,40.28600405679513,0
US:Massachusetts,,706783.0,17868.0,2.528074387754091,,,37,1433.6369168356998,36.24340770791075,0
Bulgaria,95442.0,418221.0,17657.0,4.221930510423914,380359.0,90.94689171514581,38,848.3184584178499,35.81541582150101,4029
US:Arizona,,880466.0,17628.0,2.0021216037870855,,,39,1785.9350912778905,35.75659229208925,0
Netherlands,1627084.0,1644699.0,17615.0,1.071016641950898,0.0,0.0,40,3336.103448275862,35.73022312373225,17426
Portugal,181811.0,848213.0,17023.0,2.006925147339171,808557.0,95.32475922910872,41,1720.5131845841786,34.529411764705884,3648
Iraq,112140.0,1193608.0,16334.0,1.3684559754961427,1107101.0,92.75247820054825,42,2421.1115618661256,33.13184584178499,1534
Egypt,55230.0,260659.0,15001.0,5.755028600585439,191475.0,73.45804288361423,43,528.7200811359027,30.427991886409735,3178
Sweden,1054022.0,1068473.0,14451.0,1.3524908912064226,0.0,0.0,44,2167.288032454361,29.31237322515213,14255
Bolivia,60954.0,366714.0,14435.0,3.9363100399766577,291325.0,79.44201748501557,45,743.841784989858,29.279918864097365,2399
US:Indiana,,743338.0,13615.0,1.831602850923806,,,46,1507.784989858012,27.616632860040568,0
US:North Carolina,,1001154.0,13078.0,1.306292538410674,,,47,2030.738336713996,26.527383367139958,0
Japan,83832.0,742539.0,12877.0,1.7341850057707406,666786.0,89.79811161433945,48,1506.1643002028397,26.11967545638945,1453
Tunisia,57819.0,343374.0,12574.0,3.6618963579071218,301273.0,87.739025086349,49,696.498985801217,25.505070993914806,2117
Bangladesh,115779.0,797386.0,12549.0,1.5737672846024384,737408.0,92.47817242840983,50,1617.4158215010143,25.454361054766736,1822
US:Tennessee,,862401.0,12441.0,1.442600368042245,,,51,1749.2920892494928,25.235294117647058,0
Slovakia,121807.0,389440.0,12333.0,3.166854971240756,255300.0,65.55566967953985,52,789.9391480730224,25.016227180527384,3857
Greece,294607.0,400395.0,12024.0,3.003034503427865,93764.0,23.41787484858702,53,812.1602434077079,24.3894523326572,8847
US:Virginia,,675165.0,11160.0,1.6529292839528114,,,54,1369.503042596349,22.636916835699797,0
US:Alabama,,543405.0,11146.0,2.051140493738556,,,55,1102.2413793103449,22.608519269776878,0
Canada:Quebec,,369728.0,11125.0,3.008968755409382,,,56,749.9553752535497,22.565922920892493,0
Switzerland,364622.0,693023.0,10805.0,1.5591113137659212,317600.0,45.82820483591454,57,1405.7261663286004,21.91683569979716,5684
Austria,77130.0,644207.0,10592.0,1.644192006606572,627672.0,97.43327843379535,58,1306.7079107505072,21.484787018255577,1268
US:Louisiana,,470685.0,10576.0,2.246937973379224,,,59,954.73630831643,21.452332657200813,0
US:South Carolina,,592912.0,9728.0,1.6407156542623524,,,60,1202.6612576064908,19.732251521298174,0
US:Maryland,,459528.0,9599.0,2.088882505527411,,,61,932.105476673428,19.470588235294116,0
US:Missouri,,606075.0,9496.0,1.5668027884337747,,,62,1229.3610547667342,19.261663286004058,0
Jordan,137385.0,734659.0,9436.0,1.2844054180238724,713902.0,97.1746075390079,63,1490.1805273833672,19.13995943204868,1764
Bosnia and Herzegovina,36198.0,203839.0,9211.0,4.518762356565722,174236.0,85.4772639190734,64,413.46653144016227,18.683569979716026,1635
Morocco,49800.0,518868.0,9138.0,1.7611415620157729,506740.0,97.66260397634852,65,1052.4705882352941,18.53549695740365,877
Paraguay,53394.0,350613.0,8987.0,2.5632249802488785,288232.0,82.20801852755032,66,711.1825557809331,18.22920892494929,1368
Canada:Ontario,,537138.0,8698.0,1.6193231534540473,,,67,1089.5294117647059,17.643002028397564,0
US:Connecticut,,347341.0,8238.0,2.3717326776856176,,,68,704.5456389452332,16.709939148073023,0
Guatemala,27377.0,253837.0,8121.0,3.199297186777341,232359.0,91.53866457608622,69,514.8823529411765,16.472616632860042,875
Croatia,25270.0,355955.0,8002.0,2.248036970965431,345396.0,97.03361379949713,70,722.0182555780933,16.231237322515213,568
US:Wisconsin,,674003.0,7830.0,1.1617158974069848,,,71,1367.1460446247465,15.882352941176471,0
Lebanon,119050.0,540132.0,7718.0,1.4289099701554435,517859.0,95.8763783667696,72,1095.6024340770791,15.655172413793103,1701
US:Minnesota,,601105.0,7511.0,1.2495321116942963,,,73,1219.2799188640975,15.235294117647058,0
Saudi Arabia,63026.0,448284.0,7334.0,1.6360164538551454,430937.0,96.13035486432709,74,909.2981744421907,14.876267748478702,1031
US:Mississippi,,317407.0,7310.0,2.3030367950297252,,,75,643.8275862068965,14.827586206896552,0
US:Oklahoma,,452777.0,7291.0,1.610284974722656,,,76,918.4117647058823,14.789046653144016,0
Nepal,117261.0,553422.0,7163.0,1.2943106706997554,434750.0,78.55668910885363,77,1122.5598377281947,14.529411764705882,1517
Serbia,689638.0,712046.0,6844.0,0.9611738567452103,15564.0,2.185813837870025,78,1444.3123732251522,13.882352941176471,6628
US:Kentucky,,458275.0,6782.0,1.4798974414925536,,,79,929.5638945233266,13.75659229208925,0
US:Colorado,,542405.0,6576.0,1.2123782044782034,,,80,1100.212981744422,13.338742393509127,0
Israel,85014.0,839453.0,6407.0,0.7632351066706534,832539.0,99.17636842086453,81,1702.7444219066938,12.995943204868155,648
Panama,56897.0,377428.0,6369.0,1.687474167258391,364783.0,96.64969212671026,82,765.5740365111562,12.918864097363084,960
Honduras,146267.0,236952.0,6296.0,2.6570782268138697,84389.0,35.614386035990414,83,480.63286004056795,12.77079107505071,3886
Moldova,22962.0,255105.0,6100.0,2.391172262401756,247349.0,96.9596832676741,84,517.4543610547668,12.373225152129818,549
US:Iowa,,371331.0,6055.0,1.6306206591962427,,,85,753.2068965517242,12.281947261663285,0
US:Arkansas,,341290.0,5830.0,1.7082246769609424,,,86,692.2718052738337,11.825557809330629,0
US:Washington,,435849.0,5765.0,1.3227057994856017,,,87,884.0750507099391,11.693711967545639,0
US:Nevada,,323748.0,5586.0,1.7254160643463432,,,88,656.6896551724138,11.330628803245435,0
North Macedonia,22538.0,155246.0,5398.0,3.4770622109426332,147473.0,94.99310771292015,89,314.9006085192698,10.949290060851927,783
US:Kansas,,315331.0,5077.0,1.610054197018371,,,90,639.6166328600406,10.29817444219067,0
Ireland,226565.0,254870.0,4941.0,1.938635382744144,23364.0,9.167026327147173,91,516.9776876267748,10.022312373225152,4392
Azerbaijan,62427.0,333723.0,4903.0,1.4691825256275415,323617.0,96.97174003589804,92,676.922920892495,9.94523326572008,917
Georgia,31021.0,342880.0,4739.0,1.3821161922538496,325016.0,94.79001399906673,93,695.4969574036511,9.612576064908723,428
China:Hubei,50633.0,68159.0,4512.0,6.6198154315644295,64435.0,94.53630481667865,94,138.25354969574036,9.15212981744422,3351
Armenia,40976.0,222555.0,4428.0,1.9896205432365033,212752.0,95.5952461189369,95,451.43002028397564,8.981744421906694,815
Slovenia,24419.0,253493.0,4372.0,1.7247024572670646,244646.0,96.50996279976172,96,514.184584178499,8.86815415821501,421
US:New Mexico,,202821.0,4263.0,2.1018533583800494,,,97,411.40162271805275,8.647058823529411,0
Lithuania,48776.0,273866.0,4245.0,1.550028115939912,254322.0,92.86366325137111,98,555.5091277890466,8.610547667342798,756
Uruguay,37675.0,288172.0,4176.0,1.449134544646947,246321.0,85.47707619060839,99,584.5273833671399,8.470588235294118,545
Ethiopia,59781.0,271200.0,4143.0,1.5276548672566372,236774.0,87.30604719764011,100,550.1014198782962,8.403651115618661,913
Costa Rica,71703.0,314102.0,3962.0,1.2613736938956135,242019.0,77.05108531623486,101,637.1237322515213,8.036511156186613,904
Dominican Republic,54304.0,290526.0,3628.0,1.2487694733001522,238810.0,82.1991835498372,102,589.3022312373225,7.359026369168357,678
West Bank and Gaza,33275.0,307838.0,3492.0,1.1343628791767097,300524.0,97.62407500048727,103,624.4178498985801,7.0831643002028395,377
Algeria,35577.0,128456.0,3460.0,2.6935293018621165,89419.0,69.61060596624526,104,260.55983772819474,7.0182555780933065,958
Kazakhstan,46234.0,438715.0,3442.0,0.7845640108042806,402272.0,91.69324048642056,105,889.8884381338743,6.9817444219066935,362
Burma,19859.0,143526.0,3216.0,2.2407090004598467,132297.0,92.17633042096902,106,291.12778904665316,6.523326572008114,444
Kenya,51211.0,170485.0,3141.0,1.8423908261723905,116133.0,68.11918937149896,107,345.8113590263692,6.371196754563894,943
Libya,28894.0,184815.0,3116.0,1.6860103346589834,171279.0,92.67591916240565,108,374.87829614604465,6.320486815415822,487
Afghanistan,20311.0,70111.0,2899.0,4.134871846072656,57281.0,81.70044643493888,109,142.2129817444219,5.880324543610548,839
Belarus,25477.0,392629.0,2831.0,0.7210369076150769,383380.0,97.64434109553802,110,796.4077079107506,5.742393509127789,183
US:West Virginia,,161287.0,2821.0,1.7490560305542295,,,111,327.15415821501017,5.72210953346856,0
US:Rhode Island,,151743.0,2708.0,1.7845963240478966,,,112,307.7951318458418,5.49290060851927,0
US:Oregon,,201005.0,2666.0,1.3263351657918956,,,113,407.7180527383367,5.407707910750507,0
Malaysia,76218.0,558534.0,2650.0,0.4744563446450888,479666.0,85.87946302284195,114,1132.9290060851927,5.37525354969574,361
Venezuela,17594.0,231443.0,2615.0,1.1298678292279307,213365.0,92.18900550027436,115,469.4584178498986,5.304259634888438,198
Sudan,12776.0,35289.0,2600.0,7.367734988239961,27949.0,79.20031737935334,116,71.58012170385396,5.273833671399594,941
Denmark,43365.0,279434.0,2516.0,0.9003915056864948,263618.0,94.3399872599612,117,566.8032454361055,5.103448275862069,390
US:Puerto Rico,,138579.0,2501.0,1.8047467509507211,,,118,281.09330628803247,5.073022312373225,0
Albania,35815.0,132297.0,2449.0,1.851137969870821,129215.0,97.67039313060765,119,268.35091277890467,4.967545638945233,662
Latvia,22856.0,132918.0,2370.0,1.7830542138762246,125340.0,94.29874057689703,120,269.6105476673428,4.807302231237323,407
Oman,23276.0,213784.0,2303.0,1.0772555476555776,197080.0,92.1865060060622,121,433.6389452332657,4.671399594320487,250
US:Utah,,405851.0,2301.0,0.5669568388398698,,,122,823.2271805273833,4.667342799188641,0
US:Nebraska,,223304.0,2286.0,1.0237165478450903,,,123,452.9492900608519,4.636916835699797,0
Kosovo,13688.0,106946.0,2247.0,2.101060348213117,102303.0,95.65855665476035,124,216.9290060851927,4.557809330628803,287
El Salvador,11773.0,73246.0,2241.0,3.0595527400813696,68408.0,93.39486115282746,125,148.57200811359027,4.545638945233265,360
Canada:Alberta,,226855.0,2214.0,0.9759538030900796,,,126,460.15212981744423,4.490872210953347,0
US:Idaho,,192012.0,2090.0,1.0884736370643502,,,127,389.4766734279919,4.239350912778905,0
Nigeria,25267.0,166285.0,2071.0,1.2454520852752804,156557.0,94.14980304898218,128,337.2920892494929,4.200811359026369,314
US:South Dakota,,124162.0,2010.0,1.6188527890981137,,,129,251.8498985801217,4.077079107505071,0
"Korea, South",18073.0,139910.0,1957.0,1.3987563433635908,130381.0,93.18919305267673,130,283.7931034482759,3.969574036511156,252
Kyrgyzstan,13002.0,104222.0,1797.0,1.7242041027806028,98000.0,94.03005123678302,131,211.40365111561866,3.6450304259634887,224
Kuwait,15831.0,306717.0,1764.0,0.5751229961169416,291521.0,95.04559577721483,132,622.1440162271805,3.5780933062880322,91
Syria,,24440.0,1763.0,7.213584288052373,21593.0,88.35106382978724,133,49.57403651115619,3.5760649087221097,0
Canada:British Columbia,,143581.0,1692.0,1.1784289007598499,,,134,291.2393509127789,3.4320486815415823,0
United Arab Emirates,27792.0,567263.0,1673.0,0.2949249290011864,547008.0,96.42934582371845,135,1150.6348884381339,3.393509127789047,81
US:Delaware,,108770.0,1661.0,1.527075480371426,,,136,220.6288032454361,3.369168356997972,0
US:Montana,,111785.0,1613.0,1.4429485172429217,,,137,226.7444219066937,3.2718052738336714,0
Zimbabwe,10326.0,38933.0,1594.0,4.0942131353864335,36578.0,93.95114684201063,138,78.97160243407708,3.233265720081136,422
Montenegro,11177.0,99566.0,1583.0,1.5899001667235804,97090.0,97.51320731976779,139,201.95943204868155,3.210953346855984,177
US:North Dakota,,109915.0,1543.0,1.4038120365737161,,,140,222.95131845841786,3.129817444219067,0
Sri Lanka,34384.0,180593.0,1363.0,0.7547357871013827,148391.0,82.16874408199654,141,366.31440162271804,2.764705882352941,259
US:New Hampshire,,98699.0,1352.0,1.3698213761031013,,,142,200.20081135902637,2.742393509127789,0
Yemen,2504.0,6731.0,1319.0,19.59589956915763,3399.0,50.49769722180953,143,13.65314401622718,2.6754563894523327,490
Zambia,10900.0,94751.0,1276.0,1.3466876339036,91594.0,96.66810904370402,144,192.19269776876268,2.588235294117647,146
Cameroon,42393.0,78929.0,1275.0,1.6153758441130637,35261.0,44.67432756021234,145,160.09939148073022,2.586206896551724,684
Estonia,28715.0,129424.0,1250.0,0.9658177772283347,122918.0,94.97311163308197,146,262.5233265720081,2.535496957403651,277
Malawi,14874.0,34329.0,1154.0,3.3615893268082377,32603.0,94.9721809548778,147,69.63286004056795,2.340770791075051,500
Senegal,5031.0,41331.0,1138.0,2.753381239263507,39972.0,96.71191115627495,148,83.83569979716025,2.308316430020284,138
US:District of Columbia,,48898.0,1132.0,2.315023109329625,,,149,99.18458417849898,2.2961460446247464,0
Canada:Manitoba,,50499.0,1045.0,2.0693479078793637,,,150,102.43204868154159,2.1196754563894524,0
Thailand,123981.0,151842.0,988.0,0.6506763609541497,26873.0,17.69800187036525,151,307.9959432048681,2.004056795131846,806
Finland,45296.0,92244.0,948.0,1.0277091192923118,46000.0,49.867742075365335,152,187.1075050709939,1.922920892494929,465
Cuba,6990.0,140087.0,943.0,0.673153111994689,132910.0,94.87675515929386,153,284.15212981744423,1.9127789046653143,47
Jamaica,23845.0,48374.0,942.0,1.9473270765287136,24866.0,51.403646587009554,154,98.12170385395538,1.9107505070993915,464
Bahrain,28797.0,235698.0,939.0,0.39839116157116305,205962.0,87.38385561184228,155,478.0892494929006,1.9046653144016228,114
Mozambique,,70724.0,836.0,1.1820598382444432,69499.0,98.2679147107064,156,143.45638945233264,1.695740365111562,0
Botswana,5511.0,53771.0,831.0,1.5454427107548678,50494.0,93.90563686745644,157,109.06896551724138,1.6855983772819472,85
Madagascar,6718.0,41234.0,829.0,2.0104767909977204,40176.0,97.43415627879905,158,83.63894523326572,1.6815415821501014,135
US:Maine,,67658.0,825.0,1.2193679978716485,,,159,137.23732251521298,1.6734279918864097,0
Australia:Victoria,8490.0,20593.0,820.0,3.9819356091875884,19725.0,95.78497547710387,160,41.77079107505071,1.6632860040567952,338
Namibia,4913.0,54659.0,818.0,1.4965513456155437,50241.0,91.91715911377814,161,110.87018255578093,1.6592292089249492,73
Luxembourg,10284.0,69830.0,814.0,1.1656880996706287,67993.0,97.36932550479736,162,141.64300202839758,1.6511156186612577,119
Ghana,8585.0,93775.0,784.0,0.8360437216742203,91853.0,97.9504132231405,163,190.2129817444219,1.59026369168357,71
Norway,105874.0,124655.0,783.0,0.6281336488708836,17998.0,14.438249568809916,164,252.8498985801217,1.588235294117647,665
Congo (Kinshasa),8533.0,31416.0,782.0,2.4891774891774894,27665.0,88.06022408963585,165,63.724137931034484,1.5862068965517242,212
Somalia,7477.0,14653.0,768.0,5.241247526103869,6726.0,45.901863099706546,166,29.72210953346856,1.5578093306288032,391
Angola,7000.0,34180.0,757.0,2.2147454651843184,27646.0,80.88355763604447,167,69.33062880324543,1.5354969574036512,155
US:Wyoming,,60144.0,719.0,1.195464219207236,,,168,121.99594320486815,1.45841784989858,0
Uzbekistan,9549.0,99844.0,688.0,0.6890749569328152,95529.0,95.67825808260886,169,202.5233265720081,1.3955375253549696,65
Eswatini,4912.0,18589.0,672.0,3.6150411533702727,17861.0,96.0837054171822,170,37.705882352941174,1.3630831643002028,177
Qatar,35634.0,217041.0,554.0,0.25525131196409895,212716.0,98.00728894540663,171,440.2454361054767,1.1237322515212982,90
Canada:Saskatchewan,,46464.0,537.0,1.15573347107438,,,172,94.2474645030426,1.0892494929006085,0
Mali,5240.0,14265.0,517.0,3.6242551699964953,9690.0,67.92849631966351,173,28.935091277890468,1.0486815415821502,189
US:Hawaii,,36124.0,499.0,1.3813531170413023,,,174,73.2738336713996,1.0121703853955375,0
Trinidad and Tobago,9250.0,23001.0,470.0,2.043389417851398,13281.0,57.74096778400939,175,46.6551724137931,0.9533468559837728,189
Mauritania,3460.0,19463.0,463.0,2.378872732877768,18431.0,94.69763140317525,176,39.478701825557806,0.9391480730223124,82
Malta,3403.0,30529.0,419.0,1.3724655245831834,30043.0,98.40807101444528,177,61.92494929006085,0.8498985801217038,46
Guyana,2055.0,16822.0,382.0,2.2708358102484842,14468.0,86.00642016407086,178,34.121703853955374,0.7748478701825557,46
US:Alaska,,70208.0,369.0,0.525581130355515,,,179,142.40973630831644,0.7484787018255578,0
Uganda,25385.0,45931.0,362.0,0.7881387298338812,43401.0,94.49173760640961,180,93.16632860040568,0.7342799188640974,200
Cyprus,47663.0,72363.0,360.0,0.4974918121139257,39061.0,53.97924353606125,181,146.78093306288034,0.7302231237322515,237
Rwanda,5121.0,26892.0,352.0,1.3089394615499033,25602.0,95.20303435966086,182,54.54766734279919,0.7139959432048681,67
Lesotho,7101.0,10825.0,326.0,3.0115473441108547,6434.0,59.4364896073903,183,21.95740365111562,0.6612576064908722,213
Belize,4832.0,12791.0,324.0,2.5330310374482057,12378.0,96.77116722695645,184,25.94523326572008,0.6572008113590264,122
Cote d'Ivoire,6170.0,47233.0,303.0,0.6415006457349735,46642.0,98.7487561662397,185,95.80730223123732,0.6146044624746451,39
Haiti,4965.0,14128.0,302.0,2.137599093997735,12528.0,88.67497168742922,186,28.657200811359026,0.6125760649087221,106
Suriname,2768.0,14515.0,288.0,1.98415432311402,11459.0,78.94591801584568,187,29.442190669371197,0.5841784989858012,54
Mongolia,16489.0,56621.0,268.0,0.47332261881634025,49320.0,87.1054908956041,188,114.8498985801217,0.5436105476673428,78
Cabo Verde,3283.0,30273.0,263.0,0.8687609420936148,28320.0,93.5487067684075,189,61.40567951318459,0.5334685598377282,28
France:Guadeloupe,14012.0,16517.0,255.0,1.5438638978022643,2250.0,13.62232851001998,190,33.503042596348884,0.5172413793103449,216
US:Vermont,,24200.0,255.0,1.0537190082644627,,,191,49.087221095334684,0.5172413793103449,0
Bahamas,2343.0,11745.0,229.0,1.9497658578118349,10642.0,90.60876968922946,192,23.823529411764707,0.4645030425963489,45
China:Hong Kong,1517.0,11837.0,210.0,1.7740981667652276,11571.0,97.75280898876404,193,24.010141987829616,0.4259634888438134,26
Cambodia,12020.0,28825.0,203.0,0.7042497831743278,21315.0,73.94622723330441,194,58.46855983772819,0.4117647058823529,84
Niger,1469.0,5410.0,192.0,3.54898336414048,5083.0,93.95563770794824,195,10.973630831643002,0.3894523326572008,52
France:Reunion,2155.0,24901.0,189.0,0.7590056624231958,22796.0,91.54652423597446,196,50.50912778904665,0.38336713995943206,16
Nicaragua,2913.0,7324.0,186.0,2.539595849262698,4225.0,57.68705625341344,197,14.855983772819473,0.3772819472616633,73
Gambia,2108.0,5990.0,178.0,2.971619365609349,5767.0,96.2771285475793,198,12.150101419878297,0.36105476673427994,62
Chad,829.0,4928.0,173.0,3.510551948051948,4742.0,96.22564935064936,199,9.995943204868155,0.3509127789046653,29
France:Mayotte,17041.0,20176.0,171.0,0.8475416336241078,2964.0,14.690721649484537,200,40.92494929006085,0.34685598377281945,144
Burkina Faso,2343.0,13430.0,166.0,1.2360387192851823,13248.0,98.64482501861505,201,27.24137931034483,0.3367139959432049,28
Papua New Guinea,9015.0,15772.0,162.0,1.0271366979457266,14857.0,94.19857976160284,202,31.99188640973631,0.3286004056795132,92
Guinea,3318.0,23172.0,161.0,0.6948040738822717,20971.0,90.50146728810633,203,47.00202839756592,0.3265720081135903,23
Maldives,25427.0,62906.0,157.0,0.24957873652751722,38233.0,60.777986201634185,204,127.59837728194726,0.3184584178498986,63
Djibouti,2390.0,11523.0,153.0,1.327779224160375,11354.0,98.53336804651566,205,23.373225152129816,0.3103448275862069,31
Congo (Brazzaville),3297.0,11658.0,153.0,1.312403499742666,8208.0,70.40658775090067,206,23.647058823529413,0.3103448275862069,43
Gabon,3371.0,24365.0,150.0,0.615637184485943,21791.0,89.43566591422122,207,49.42190669371197,0.30425963488843816,20
Comoros,975.0,3881.0,146.0,3.761917031692863,3719.0,95.82581808812162,208,7.872210953346856,0.2961460446247465,36
France:French Polynesia,13775.0,18860.0,142.0,0.752916224814422,18707.0,99.18875927889714,209,38.25557809330629,0.2880324543610548,103
US:Guam,,8156.0,140.0,1.716527709661599,,,210,16.543610547667342,0.2839756592292089,0
Andorra,1309.0,13693.0,127.0,0.9274811947710508,13416.0,97.9770685751844,211,27.774847870182555,0.25760649087221094,12
Togo,2829.0,13432.0,125.0,0.9306134603930911,12644.0,94.13341274568195,212,27.245436105476674,0.2535496957403651,26
Netherlands:Curacao,4768.0,12271.0,122.0,0.9942140004889577,12121.0,98.77760573710374,213,24.89046653144016,0.24746450304259635,47
Equatorial Guinea,2556.0,8529.0,118.0,1.3835150662445772,8146.0,95.50943838668073,214,17.300202839756594,0.23935091277890466,35
France:French Guiana,13652.0,23763.0,116.0,0.48815385262803523,9995.0,42.0611875604932,215,48.20081135902637,0.23529411764705882,66
South Sudan,4347.0,10688.0,115.0,1.0759730538922156,10514.0,98.37200598802394,216,21.679513184584177,0.2332657200811359,46
Netherlands:Aruba,1630.0,10974.0,107.0,0.975031893566612,10803.0,98.4417714598141,217,22.259634888438136,0.21703853955375255,15
Benin,1458.0,8058.0,101.0,1.2534127575080665,7893.0,97.95234549516009,218,16.344827586206897,0.20486815415821502,18
Taiwan*,6574.0,7806.0,99.0,1.2682551883166795,1133.0,14.514476044068664,219,15.833671399594321,0.20081135902636918,83
Central African Republic,3095.0,7085.0,98.0,1.3832039520112915,6665.0,94.07198306280875,220,14.371196754563895,0.19878296146044624,42
United Kingdom:Gibraltar,1317.0,4293.0,94.0,2.1896109946424414,4192.0,97.64733286745866,221,8.7079107505071,0.19066937119675456,28
France:Martinique,11598.0,11789.0,93.0,0.7888709814233609,98.0,0.8312833997794554,222,23.912778904665313,0.18864097363083165,91
Tajikistan,1895.0,13308.0,90.0,0.6762849413886384,13218.0,99.32371505861136,223,26.993914807302232,0.18255578093306288,12
San Marino,521.0,5089.0,90.0,1.768520337983887,4995.0,98.15287875810571,224,10.322515212981745,0.18255578093306288,9
United Kingdom:Channel Islands,1189.0,4111.0,86.0,2.0919484310386767,3965.0,96.4485526635855,225,8.338742393509127,0.1744421906693712,24
Liberia,558.0,2179.0,86.0,3.9467645709040844,2033.0,93.29967875172098,226,4.419878296146044,0.1744421906693712,22
Canada:Nova Scotia,,5530.0,84.0,1.5189873417721518,,,227,11.217038539553753,0.17038539553752535,0
Sierra Leone,1265.0,4141.0,79.0,1.9077517507848345,3131.0,75.60975609756098,228,8.399594320486816,0.16024340770791076,24
Saint Lucia,1125.0,5035.0,77.0,1.529294935451837,4772.0,94.77656405163853,229,10.212981744421906,0.15618661257606492,17
Guinea-Bissau,1401.0,3761.0,68.0,1.808029779314012,3516.0,93.48577505982452,230,7.628803245436106,0.13793103448275862,25
Liechtenstein,396.0,3008.0,58.0,1.928191489361702,2929.0,97.37367021276596,231,6.101419878296146,0.11764705882352941,7
Australia:New South Wales,2868.0,5585.0,54.0,0.9668755595344674,2997.0,53.661593554162934,232,11.328600405679513,0.10953346855983773,27
Vietnam,3965.0,6908.0,47.0,0.6803705848291836,2896.0,41.92240880138969,233,14.012170385395537,0.09533468559837728,26
Barbados,811.0,4012.0,47.0,1.1714855433698903,3922.0,97.7567298105683,234,8.137931034482758,0.09533468559837728,9
Canada:New Brunswick,,2191.0,43.0,1.9625741670470105,,,235,4.444219066937119,0.0872210953346856,0
Antigua and Barbuda,448.0,1259.0,42.0,3.3359809372517866,1206.0,95.79030976965845,236,2.5537525354969572,0.08519269776876268,14
Seychelles,2739.0,11145.0,40.0,0.3589053387169134,9936.0,89.15208613728129,237,22.606490872210955,0.08113590263691683,9
Sao Tome and Principe,487.0,2345.0,37.0,1.5778251599147122,2291.0,97.69722814498934,238,4.756592292089249,0.07505070993914807,7
United Kingdom:Bermuda,904.0,2491.0,32.0,1.2846246487354476,2423.0,97.27017262143718,239,5.052738336713996,0.06490872210953347,11
Monaco,266.0,2503.0,32.0,1.278465840990811,2463.0,98.4019176987615,240,5.077079107505071,0.06490872210953347,3
Singapore,20799.0,62003.0,32.0,0.05161040594809928,61423.0,99.0645613921907,241,125.76673427991886,0.06490872210953347,10
Iceland,1252.0,6555.0,29.0,0.4424103737604882,6476.0,98.79481311975591,242,13.296146044624747,0.058823529411764705,5
United Kingdom:Isle of Man,903.0,1592.0,29.0,1.8216080402010049,1561.0,98.05276381909547,243,3.22920892494929,0.058823529411764705,16
Netherlands:Sint Maarten,264.0,2411.0,28.0,1.1613438407299876,2307.0,95.6864371630029,244,4.890466531440162,0.056795131845841784,3
US:Virgin Islands,,3442.0,27.0,0.7844276583381755,,,245,6.9817444219066935,0.05476673427991886,0
New Zealand,929.0,2672.0,26.0,0.9730538922155689,2630.0,98.42814371257485,246,5.419878296146044,0.05273833671399594,9
China:Henan,,1314.0,22.0,1.67427701674277,1290.0,98.17351598173516,247,2.665314401622718,0.04462474645030426,0
Tanzania,305.0,509.0,21.0,4.12573673870334,183.0,35.952848722986246,248,1.0324543610547667,0.04259634888438134,12
United Kingdom:Turks and Caicos Islands,395.0,2412.0,17.0,0.7048092868988391,2381.0,98.71475953565506,249,4.8924949290060855,0.034482758620689655,2
"Netherlands:Bonaire, Sint Eustatius and Saba",88.0,1612.0,17.0,1.054590570719603,1579.0,97.95285359801488,250,3.2697768762677484,0.034482758620689655,0
Mauritius,448.0,1363.0,17.0,1.247248716067498,1183.0,86.7938371239912,251,2.764705882352941,0.034482758620689655,5
Timor-Leste,,6752.0,16.0,0.23696682464454977,3915.0,57.98281990521327,252,13.695740365111561,0.032454361054766734,0
Eritrea,810.0,4061.0,14.0,0.3447426742181729,3812.0,93.86850529426249,253,8.237322515212982,0.028397565922920892,2
Australia:Tasmania,122.0,234.0,13.0,5.555555555555555,221.0,94.44444444444444,254,0.4746450304259635,0.02636916835699797,6
China:Heilongjiang,527.0,1612.0,13.0,0.8064516129032258,1597.0,99.06947890818859,255,3.2697768762677484,0.02636916835699797,4
Saint Vincent and the Grenadines,897.0,2027.0,12.0,0.5920078934385792,1831.0,90.3305377405032,256,4.1115618661257605,0.02434077079107505,5
France:St Martin,504.0,1915.0,12.0,0.6266318537859008,1399.0,73.05483028720626,257,3.8843813387423936,0.02434077079107505,3
Australia:Western Australia,358.0,1017.0,9.0,0.8849557522123894,1006.0,98.91838741396263,258,2.0628803245436105,0.018255578093306288,3
China:Beijing,326.0,1059.0,9.0,0.84985835694051,1046.0,98.7724268177526,259,2.1480730223123734,0.018255578093306288,2
China:Guangdong,991.0,2432.0,8.0,0.3289473684210526,2381.0,97.90296052631578,260,4.9330628803245435,0.016227180527383367,3
China:Hebei,,1317.0,7.0,0.5315110098709187,1310.0,99.46848899012907,261,2.6713995943204867,0.014198782961460446,0
China:Shandong,464.0,883.0,7.0,0.7927519818799547,873.0,98.86749716874293,262,1.791075050709939,0.014198782961460446,3
China:Shanghai,253.0,2093.0,7.0,0.33444816053511706,2019.0,96.46440516005732,263,4.245436105476673,0.014198782961460446,0
Australia:Queensland,895.0,1618.0,7.0,0.4326328800988875,1591.0,98.33127317676144,264,3.281947261663286,0.014198782961460446,3
France:Wallis and Futuna,394.0,445.0,7.0,1.5730337078651686,438.0,98.42696629213484,265,0.9026369168356998,0.014198782961460446,6
Burundi,3936.0,4715.0,6.0,0.12725344644750797,773.0,16.394485683987277,266,9.563894523326573,0.012170385395537525,5
China:Anhui,758.0,1004.0,6.0,0.5976095617529881,994.0,99.00398406374502,267,2.0365111561866125,0.012170385395537525,4
Canada:Newfoundland and Labrador,,1302.0,6.0,0.4608294930875576,,,268,2.640973630831643,0.012170385395537525,0
China:Hainan,126.0,188.0,6.0,3.1914893617021276,181.0,96.27659574468085,269,0.3813387423935091,0.012170385395537525,4
China:Chongqing,423.0,598.0,6.0,1.0033444816053512,586.0,97.9933110367893,270,1.2129817444219066,0.012170385395537525,4
Canada:Nunavut,,648.0,4.0,0.6172839506172839,,,271,1.3144016227180528,0.008113590263691683,0
Fiji,195.0,360.0,4.0,1.1111111111111112,161.0,44.72222222222222,272,0.7302231237322515,0.008113590263691683,2
Australia:South Australia,361.0,752.0,4.0,0.5319148936170213,746.0,99.20212765957447,273,1.5253549695740365,0.008113590263691683,1
China:Hunan,670.0,1051.0,4.0,0.3805899143672693,1039.0,98.8582302568982,274,2.13184584178499,0.008113590263691683,2
Brunei,109.0,241.0,3.0,1.2448132780082988,228.0,94.6058091286307,275,0.48884381338742394,0.006085192697768763,1
US:Grand Princess,,103.0,3.0,2.912621359223301,,,276,0.20892494929006086,0.006085192697768763,0
Laos,1088.0,1908.0,3.0,0.15723270440251574,1402.0,73.48008385744235,277,3.870182555780933,0.006085192697768763,1
Australia:Australian Capital Territory,76.0,124.0,3.0,2.4193548387096775,121.0,97.58064516129032,278,0.2515212981744422,0.006085192697768763,1
China:Jilin,350.0,573.0,3.0,0.5235602094240838,570.0,99.47643979057592,279,1.1622718052738337,0.006085192697768763,1
China:Shaanxi,187.0,616.0,3.0,0.487012987012987,592.0,96.1038961038961,280,1.2494929006085194,0.006085192697768763,0
China:Xinjiang,643.0,980.0,3.0,0.30612244897959184,977.0,99.6938775510204,281,1.9878296146044625,0.006085192697768763,1
China:Tianjin,99.0,393.0,3.0,0.7633587786259541,380.0,96.69211195928753,282,0.7971602434077079,0.006085192697768763,0
China:Sichuan,350.0,1025.0,3.0,0.2926829268292683,990.0,96.58536585365853,283,2.079107505070994,0.006085192697768763,1
United Kingdom:Cayman Islands,77.0,581.0,2.0,0.34423407917383825,564.0,97.07401032702238,284,1.1784989858012171,0.004056795131845842,0
China:Guizhou,114.0,147.0,2.0,1.3605442176870748,145.0,98.63945578231292,285,0.29817444219066935,0.004056795131845842,1
China:Gansu,66.0,194.0,2.0,1.0309278350515463,192.0,98.96907216494846,286,0.3935091277890467,0.004056795131845842,0
Canada:Yukon,,84.0,2.0,2.380952380952381,,,287,0.17038539553752535,0.004056795131845842,0
US:Northern Mariana Islands,,183.0,2.0,1.092896174863388,,,288,0.3711967545638945,0.004056795131845842,0
China:Guangxi,189.0,275.0,2.0,0.7272727272727273,268.0,97.45454545454545,289,0.5578093306288032,0.004056795131845842,1
China:Yunnan,133.0,352.0,2.0,0.5681818181818182,331.0,94.0340909090909,290,0.7139959432048681,0.004056795131845842,0
China:Liaoning,97.0,425.0,2.0,0.4705882352941176,412.0,96.94117647058823,291,0.8620689655172413,0.004056795131845842,0
China:Fujian,222.0,620.0,1.0,0.16129032258064516,588.0,94.83870967741936,292,1.2576064908722109,0.002028397565922921,0
France:Saint Barthelemy,542.0,1005.0,1.0,0.09950248756218905,462.0,45.97014925373134,293,2.0385395537525355,0.002028397565922921,0
"United Kingdom:Saint Helena, Ascension and Tristan da Cunha",2.0,4.0,1.0,25.0,4.0,100.0,294,0.008113590263691683,0.002028397565922921,0
United Kingdom:Montserrat,10.0,20.0,1.0,5.0,19.0,95.0,295,0.04056795131845842,0.002028397565922921,0
United Kingdom:British Virgin Islands,52.0,248.0,1.0,0.4032258064516129,209.0,84.2741935483871,296,0.5030425963488844,0.002028397565922921,0
Bhutan,361.0,1603.0,1.0,0.06238303181534623,1241.0,77.41734248284466,297,3.2515212981744424,0.002028397565922921,0
Denmark:Faroe Islands,147.0,712.0,1.0,0.1404494382022472,669.0,93.96067415730337,298,1.4442190669371198,0.002028397565922921,0
Grenada,56.0,161.0,1.0,0.6211180124223602,160.0,99.37888198757764,299,0.3265720081135903,0.002028397565922921,0
China:Jiangxi,712.0,937.0,1.0,0.10672358591248667,936.0,99.89327641408752,300,1.9006085192697768,0.002028397565922921,0
Vanuatu,2.0,4.0,1.0,25.0,3.0,75.0,301,0.008113590263691683,0.002028397565922921,0
Canada:Diamond Princess,,1.0,1.0,100.0,,,302,0.002028397565922921,0.002028397565922921,0
China:Zhejiang,883.0,1364.0,1.0,0.07331378299120235,1324.0,97.0674486803519,303,2.766734279918864,0.002028397565922921,0
Canada:Prince Edward Island,,200.0,1.0,0.5,,,304,0.4056795131845842,0.002028397565922921,0
China:Inner Mongolia,106.0,387.0,1.0,0.2583979328165375,383.0,98.96640826873386,305,0.7849898580121704,0.002028397565922921,0
Holy See,14.0,27.0,0.0,0.0,27.0,100.0,306,0.05476673427991886,0.0,0
United Kingdom:Anguilla,66.0,109.0,0.0,0.0,109.0,100.0,307,0.2210953346855984,0.0,0
Australia:Northern Territory,53.0,173.0,0.0,0.0,169.0,97.6878612716763,308,0.3509127789046653,0.0,0
Kiribati,2.0,2.0,0.0,0.0,0.0,0.0,309,0.004056795131845842,0.0,0
France:New Caledonia,70.0,128.0,0.0,0.0,58.0,45.3125,310,0.25963488843813387,0.0,0
United Kingdom:Falkland Islands (Malvinas),15.0,63.0,0.0,0.0,63.0,100.0,311,0.12778904665314403,0.0,0
Dominica,28.0,188.0,0.0,0.0,182.0,96.80851063829788,312,0.3813387423935091,0.0,0
Denmark:Greenland,8.0,37.0,0.0,0.0,33.0,89.1891891891892,313,0.07505070993914807,0.0,0
France:Saint Pierre and Miquelon,10.0,25.0,0.0,0.0,25.0,100.0,314,0.05070993914807302,0.0,0
Saint Kitts and Nevis,23.0,68.0,0.0,0.0,45.0,66.17647058823529,315,0.13793103448275862,0.0,0
Solomon Islands,12.0,20.0,0.0,0.0,20.0,100.0,316,0.04056795131845842,0.0,0
China:Tibet,1.0,1.0,0.0,0.0,1.0,100.0,317,0.002028397565922921,0.0,0
China:Shanxi,94.0,253.0,0.0,0.0,248.0,98.02371541501977,318,0.513184584178499,0.0,0
China:Ningxia,43.0,76.0,0.0,0.0,75.0,98.68421052631578,319,0.15415821501014199,0.0,0
China:Jiangsu,436.0,726.0,0.0,0.0,716.0,98.62258953168043,320,1.4726166328600405,0.0,0
China:Macau,35.0,51.0,0.0,0.0,49.0,96.07843137254902,321,0.10344827586206896,0.0,0
China:Qinghai,15.0,18.0,0.0,0.0,18.0,100.0,322,0.036511156186612576,0.0,0
Samoa,2.0,3.0,0.0,0.0,3.0,100.0,323,0.006085192697768763,0.0,0
Micronesia,1.0,1.0,0.0,0.0,1.0,100.0,324,0.002028397565922921,0.0,0
Marshall Islands,3.0,4.0,0.0,0.0,4.0,100.0,325,0.008113590263691683,0.0,0
Canada:Grand Princess,,13.0,0.0,0.0,,,326,0.02636916835699797,0.0,0
US:American Samoa,,0.0,0.0,,,,327,0.0,0.0,0
Canada:Repatriated Travellers,,13.0,0.0,0.0,,,328,0.02636916835699797,0.0,0
Canada:Northwest Territories,,127.0,0.0,0.0,,,329,0.25760649087221094,0.0,0
US:Diamond Princess,,49.0,0.0,0.0,,,330,0.09939148073022312,0.0,0
China,0.0,2.0,0.0,0.0,18.0,900.0,331,0.004056795131845842,0.0,0
Canada,,,,,1322602.0,,332,,,0
US,,,,,6298082.0,,333,,,0
